"id","productType","productTypeKey","name.en","name.ru","description.en","description.ru","categories","slug.en","slug.ru","metaTitle.ru","metaTitle.en","metaDescription.ru","metaDescription.en","_hasStagedChanges","_published","key","priceMode","createdAt","lastModifiedAt","variantId","sku","variantKey","images","prices","manufacturer"
"0c5d9580-2fd3-4d42-a94a-20d113fd73eb","Processors","processors","Processor AMD FX-4300 BOX","Процессор AMD FX-4300 BOX","The AMD FX-4300 BOX processor is equipped with custom compute cores that deliver exceptional performance for demanding resources and multitasking. The cores operate with a nominal clock frequency of 3.8 GHz, which can be increased thanks to an unlocked multiplier and proprietary overclocking technology up to 4 GHz. The AMD FX-4300 processor provides general functionality with up to 128GB of RAM. The heat dissipation rate of 95 W allows the processor to be stored in laptop computers.","Процессор AMD FX-4300 BOX оснащен четырьмя вычислительными ядрами, обеспечивая высокую производительность при обработке требовательных ресурсов и работы в многозадачном режиме. Ядра функционируют с номинальной тактовой частотой на уровне значения 3.8 ГГц, которая способна повышаться благодаря разблокированному множителю и фирменной технологии разгона до значения 4 ГГц. Процессор AMD FX-4300 предусматривает совместное функционирование с оперативной памятью объемом не более 128 ГБ. Показатель тепловыделения на уровне 95 Вт позволяет устанавливать процессор в портативные компьютеры.","PC accessories;Processors","processor-amd-fx-4300-box","amd-fx-4300-box","","","","","false","true","amd-fx-4300-box","Embedded","2023-10-05T07:16:45.973Z","2023-11-18T04:57:46.985Z",1,"5456456","5456456","https://c.dns-shop.ru/thumb/st4/fit/wm/0/0/023e184226d8faa4b5818badbc3d41f8/a7ba217150cdb5f5b9827260bfe147184da6e4b2d8028389807524e5c576182a.jpg.webp||2000x2000;https://c.dns-shop.ru/thumb/st4/fit/wm/0/0/56f1c0e51c886895a1e479868da06afd/65b6ba6b93fb3a11683deeffefe9ba4166bbe79ce10e480f548fe8c0b236ce7f.jpg.webp||2000x2000;https://c.dns-shop.ru/thumb/st4/fit/wm/0/0/3a775a032f7f738d6dc11bc5a6e5d964/2d175904f70a5b61f796370c7511d66e4c616264c143fb03b6331f882359cc8a.jpg.webp||2000x2000;https://c.dns-shop.ru/thumb/st4/fit/wm/0/0/ef5f20be00667888bc4e9c0592fc998d/00680c5e56ceffa35c183f3fa8fc319f4f77e2253c0de81a32c9d1dff1942501.jpg.webp||1556x1556","RUB 249900;USD 2506;EUR 2384","AMD"
"dd2b78b9-70db-4491-b823-2c36571f7efc","Processors","processors","Processor Intel Core i7-11700F BOX:","Процессор Intel Core i7-11700F BOX:","The Intel Core i7-11700F BOX processor has high performance and efficiency, making it an excellent choice for a powerful computer system. The model is based on the Rocket Lake-S architecture and 14 nm manufacturing process, due to which this platform is highly technological. In addition, thanks to the special design and the LGA 1200 socket, the module is easy and convenient to install on compatible motherboards.
The processing power of the Intel Core i7-11700F BOX is provided by 8 cores and 16 threads operating in a wide frequency range. This processor model does not have integrated graphics and supports up to 128 GB of RAM. Due to this, as well as support for various protocols and advanced technologies, this platform can provide a high level of performance to effectively solve a variety of tasks - whether it's professional work or exciting games.
The heat dissipation of the processor during operation is 65 watts. For its cooling, both a complete module and third-party solutions of air or liquid type can be used.","Процессор Intel Core i7-11700F BOX обладает высокой производительностью и эффективностью, благодаря чему модель может стать отличным выбором для мощной компьютерной системы. Основой модели является архитектура Rocket Lake-S и техпроцесс 14 нм, за счет чего данная платформа отличается высокой технологичностью. Помимо этого, благодаря особой конструкции и сокету LGA 1200 модуль отличается простой и удобной установкой на совместимые материнские платы.
Вычислительная мощность Intel Core i7-11700F BOX обеспечивается за счет 8 ядер и 16 потоков, работающих в широком диапазоне частот. Эта модель процессора не имеет встроенной графики и поддерживает до 128 ГБ оперативной памяти. За счет этого, а также поддержки различных протоколов и передовых технологий данная платформа может обеспечить высокий уровень быстродействия для эффективного решения самых разных задач – будь то профессиональная работа или увлекательные игры.
Тепловыделение процессора в процессе работы составляет 65 Вт. Для его охлаждения может использоваться как комплектный модуль, так и сторонние решения воздушного или жидкостного типа.","Processors;PC accessories","intel-core-i7","intel-core-i7-11700f-box","Процессор Intel Core i7-11700F BOX:","Processor Intel Core i7-11700F BOX:",,,"false","true","processors","Embedded","2023-09-27T22:38:13.872Z","2023-11-18T04:58:02.087Z",1,"763653","763653","https://c.dns-shop.ru/thumb/st4/fit/500/500/2862110a0d74cdc0c8794b42fa8ac1de/9de6039b3501e2fe82f6cbfe8f85d21609fdf2a3bbf9b73e3f2cd5fe6677fa88.jpg.webp||500x500;https://c.dns-shop.ru/thumb/st1/fit/wm/0/0/787cf0e037e44388afc415ef48da3a11/7de31ee8733821b7f0b5aa6b27fcdedf347bb6386800dda79f538b7a98f88d7a.jpg.webp||1999x2000;https://c.dns-shop.ru/thumb/st1/fit/wm/0/0/9ef1ff6ad8557c89f0252483b92fd88e/73c765870b6dbf4d46fe7a91dde427c978004fd778d7ebd5f927b7f7b9db71a2.jpg.webp||2000x2000;https://c.dns-shop.ru/thumb/st4/fit/wm/0/0/7aba6e53ec279b969d5161d23386116a/4a0afe095b74c086e21a6e8676208d4297e987cb1ee72cf54ebdb4569c2ac4a6.jpg.webp||2000x2000","EUR 24770;USD 26687;RUB 2569900","Intel"
