"id","productType","productTypeKey","name.en","name.ru","description.en","description.ru","categories","slug.en","slug.ru","metaTitle.ru","metaTitle.en","metaDescription.ru","metaDescription.en","_hasStagedChanges","_published","key","priceMode","createdAt","lastModifiedAt","variantId","images","prices","manufacturer"
"4791fc41-7c88-4213-9bb2-18d744d8dc70","video-card","video-card","GIGABYTE GeForce RTX 4070 EAGLE OC 12G Graphics Card [GV-N4070EAGLE OC-12GD]","Видеокарта GIGABYTE GeForce RTX 4070 EAGLE OC 12G [GV-N4070EAGLE OC-12GD]","The GIGABYTE GeForce RTX 4070 EAGLE OC 12G [GV-N4070EAGLE OC-12GD] graphics card is designed for computer enthusiasts. Thanks to the Ada Lovelace architecture, it provides smooth graphics when working with programs and running games. Specialized ray tracing cores increase image detail by improving reflections and shadow depth.
GIGABYTE GeForce RTX 4070 EAGLE supports CPU overclocking up to 2505 MHz. The WINDFORCE cooling system is represented by three fans, a radiator and heat pipes that stably remove heat at different loads. The technology of alternative rotation of the blades reduces turbulence and increases the pressure of the injected air flow. Thanks to the 3D Active function, the fans stop under low load conditions. A metal plate on the rear side makes the video card resistant to mechanical influences. With the help of proprietary CONTROL CENTER software, you can monitor the status and control the backlight parameters.","Видеокарта GIGABYTE GeForce RTX 4070 EAGLE OC 12G [GV-N4070EAGLE OC-12GD] разработана для компьютерных энтузиастов. Благодаря архитектуре Ada Lovelace она обеспечивает плавность графики при работе с программами и запуске игр. Специализированные ядра трассировки лучей повышают детализацию изображения за счет улучшения отражений и глубины теней.
GIGABYTE GeForce RTX 4070 EAGLE поддерживает разгон процессора до 2505 МГц. Система охлаждения WINDFORCE представлена тремя вентиляторами, радиатором и тепловыми трубками, которые стабильно отводят тепло при разной нагрузке. Технология альтернативного вращения лопастей снижает турбулентность и повышает давление нагнетаемого воздушного потока. Благодаря функции 3D Active в условиях низкой нагрузки вентиляторы останавливаются. Металлическая пластина на тыловой стороне делает видеокарту устойчивой к механическим воздействиям. С помощью фирменного ПО CONTROL CENTER можно выполнять мониторинг состояния и управлять параметрами подсветки.","Video cards;PC accessories","gigabyte-geforce-rtx-4070-eagle-oc-12g-graphics-card-gv-n4070eagle-oc-12gd","gigabyte-geforce-rtx-4070-eagle-oc-12g-gv-n4070eagle-oc-12gd","","","","","false","true","gigabyte geforce rtx 4070 eagle","Embedded","2023-11-15T10:49:57.949Z","2023-11-27T13:14:45.219Z",1,"https://c.dns-shop.ru/thumb/st4/fit/wm/0/0/821002dd69a64ab7a4996e72229e6e0a/c8f83b1dfdae568d1e955223ad59aebf3e342dd03217b028c9921aaeae10fc07.jpg.webp||2000x2000;https://c.dns-shop.ru/thumb/st1/fit/wm/0/0/266f447b2b4b87485f4009c084d86e98/9289f8be35026ba910fa593571bfb53a15aa12db5096b285ee6e9958bcbf35f3.jpg.webp||2000x2000;https://c.dns-shop.ru/thumb/st1/fit/wm/0/0/1dda02e28b6d9867cc8d98fd69d1946a/53beb3cbc14514a185a79c9b490f61987625c21593f7e03385e1f062e7952761.jpg.webp||2000x2000;https://c.dns-shop.ru/thumb/st1/fit/wm/0/0/efd9348efc405b1c8a9f713cdc717a5f/16a161507aedc3a50084a4579e19c4659e8d3b2b7324e0db59e75989253cf4da.jpg.webp||2000x2000","RUB 8199900;USD 92144;EUR 84876","GIGABYTE"
"8a4f60b7-ba30-468a-9853-a6fe58e48b86","video-card","video-card","Video card Sapphire AMD Radeon RX 7600 PULSE GAMING OC [11324-01-20G]","Видеокарта Sapphire AMD Radeon RX 7600 PULSE GAMING OC [11324-01-20G]","Powered by AMD RDNA 3 design, the Sapphire AMD Radeon RX 7600 XT PULSE OC graphics card features 32 powerful advanced Compute Units, AMD Infinity Cache, and 8GB of dedicated GDDR6 conversion memory for 7680-powered ultra-fast frame rates and a stunning gaming experience. ×. 4320.","Видеокарта Sapphire AMD Radeon RX 7600 XT PULSE OC на базе архитектуры AMD RDNA 3, оснащенная 32 мощными улучшенными вычислительными блоками, кэш-памятью AMD Infinity Cache и выделенной памятью GDDR6 объемом 8 ГБ, обеспечивает сверхвысокую частоту кадров и великолепные ощущения при игре с разрешением 7680×4320.","PC accessories;Video cards","video-card-sapphire-amd-radeon-rx-7600-pulse-gaming-oc-11324-01-20g","sapphire-amd-radeon-rx-7600-pulse-gaming-oc-11324-01-20g","","","","","false","true","sapphire amd radeon rx 7600","Embedded","2023-10-04T10:41:28.069Z","2023-11-27T13:13:44.539Z",1,"https://c.dns-shop.ru/thumb/st4/fit/wm/0/0/9b4e6ad0fd08ae32e0ba79846432cc30/191df1b083a52d23b2f679d000f1fdc4bbd3a4bdfccd23129d3c7c921e231085.jpg.webp||2000x2000;https://c.dns-shop.ru/thumb/st4/fit/wm/0/0/707831621fc64367d43a92b9b37c7ed7/202cf76f705051b56711d7675929ed00706c17f0077d37c88e7dc060ad8f88b2.jpg.webp||2000x2000;https://c.dns-shop.ru/thumb/st1/fit/wm/0/0/3e7bb19eb9a752c05aa1dc99ea7d6621/d40d875998235808857cf0378b9281edb106bb1feb3aa8aed8ad8fe6c422913b.jpg.webp||2000x2000;https://c.dns-shop.ru/thumb/st1/fit/wm/0/0/e141d939d31245ee7078a31770afaa6c/852ba90660bb0b9d728d560369a4d3c1d3f877e14aaa412b164a2ad5b2dfc8d0.jpg.webp||2000x2000;https://c.dns-shop.ru/thumb/st1/fit/wm/0/0/5aabd01b3ab5fd6423db278183b1b6aa/1574cf05a083b74df1add052a4c07d55709860edbda9d59054bfc2a6c574320c.jpg.webp||2000x2000;https://c.dns-shop.ru/thumb/st1/fit/wm/0/0/2326a44c4e66ed0350d6c751073f1c3d/611441194ee3ba23be0965e2ec4260bc3c79b56904925633cbbf7d6c7e13a885.jpg.webp||2000x2000;https://c.dns-shop.ru/thumb/st1/fit/wm/0/0/b98b730099b4e2db18ad25831c3c8a85/d287a50976b2e576180812c87dc9ea9431e899cf04d15e8400012667c22cd148.jpg.webp||2000x2000","RUB 3099900;EUR 29652;USD 31181","Sapphire"
